Name,Category,Instagram_Username,Instagram_URL,YouTube_URL,Website_URL,Tags
ğŸ‡ºğŸ‡¸ Mexican Consulate,Diplomatic,consulmexsea,https://instagram.com/consulmexsea,,,consular-services consulate consulmexsea diplomatic english-speaking foreign-affairs international international-relations north-america united-states usa
ğŸ‡§ğŸ‡´ Mexico in Bolivia,Diplomatic,emba_mexbol,https://instagram.com/emba_mexbol,,,andean andes bolivia bolivian california emba-mexbol emba_mexbol embassy english-speaking la-paz landlocked latin-america los-angeles mexican mexico mx nafta north-america south-america spanish-speaking usa west-coast
ğŸ‡¨ğŸ‡¦ Mexico in Canada,Diplomatic,embamexcan,https://instagram.com/embamexcan,,,canada canadian commonwealth embamexcan embassy english-speaking french-speaking latin-america mexican mexico mx nafta north-america ontario ottawa spanish-speaking
ğŸ‡¨ğŸ‡± Mexico in Chile,Diplomatic,embamexchi,https://instagram.com/embamexchi,,,chile chilean embamexchi embassy latin-america mexican mexico mx nafta north-america pacific santiago south-america southern-cone spanish-speaking
ğŸ‡¨ğŸ‡´ Mexico in Colombia,Diplomatic,embamexcol,https://instagram.com/embamexcol,,https://embamex.sre.gob.mx/colombia/,andean bogota co colombia colombian embamexcol embassy latin-america mexican mexico mx nafta north-america south-america spanish-speaking
ğŸ‡¬ğŸ‡¹ Mexico in Guatemala,Diplomatic,embamexgua,https://instagram.com/embamexgua,,,california central-america embamexgua embassy english-speaking guatemala guatemala-city guatemalan latin-america los-angeles mexican mexico mx nafta north-america spanish-speaking usa west-coast
ğŸ‡®ğŸ‡¹ Mexico in Italy,Diplomatic,embamex_italia,https://instagram.com/embamex_italia,,,embamex-italia embamex_italia embassy eu europe italian italian-speaking italy latin-america mediterranean mexican mexico mx nafta north-america rome spanish-speaking
ğŸ‡¯ğŸ‡µ Mexico in Japan,Diplomatic,embamexjp,https://instagram.com/embamexjp,,,asia east-asia embamexjp embassy japan japanese japanese-speaking latin-america mexican mexico mx nafta north-america pacific spanish-speaking tokyo
ğŸ‡±ğŸ‡§ Mexico in Lebanon,Diplomatic,embamexlibano,https://instagram.com/embamexlibano,,,arab beirut embamexlibano embassy latin-america lebanese lebanon mediterranean mexican mexico middle-east mx nafta north-america spanish-speaking
ğŸ‡µğŸ‡ª Mexico in Peru,Diplomatic,embamexperu,https://instagram.com/embamexperu,,,andean embamexperu embassy latin-america lima mexican mexico mx nafta north-america pacific peru peruvian south-america spanish-speaking
ğŸ‡ªğŸ‡¸ Mexico in Spain,Diplomatic,embamexesp,https://instagram.com/embamexesp,,,ai artificial-intelligence embamexesp embassy eu europe iberian innovation latin-america madrid mediterranean mexican mexico mx nafta north-america spain spanish spanish-speaking technology
ğŸ‡ºğŸ‡¾ Mexico in Uruguay,Diplomatic,embamexur,https://instagram.com/embamexur,,,embamexur embassy latin-america mexican mexico montevideo mx nafta north-america rio-de-la-plata south-america southern-cone spanish-speaking uruguay uruguayan
ğŸ‡ºğŸ‡¸ Mexico in USA,Diplomatic,embamexeua,https://instagram.com/embamexeua,,https://embamex.sre.gob.mx/eua/,american capital embamexeua embassy english-speaking latin-america mexican mexico mx nafta north-america spanish-speaking united-states usa washington-dc
ğŸ‡»ğŸ‡ª Mexico in Venezuela,Diplomatic,embamexvenezuela,https://instagram.com/embamexvenezuela,,,california caracas caribbean embamexvenezuela embassy english-speaking latin-america los-angeles mexican mexico mx nafta north-america south-america spanish-speaking usa ve venezuela venezuelan west-coast
ğŸ‡§ğŸ‡ª Belgium Embassy,Diplomatic,belgicaenmexico,https://instagram.com/belgicaenmexico,,,belgicaenmexico bilateral diplomatic embassy foreign-affairs international-relations
ğŸ‡§ğŸ‡· Brazil Embassy,Diplomatic,brasilnomexico,https://instagram.com/brasilnomexico,,,bilateral brasilnomexico brazil diplomatic embassy foreign-affairs international-relations latin-america portuguese-speaking south-america
ğŸ‡¨ğŸ‡± Chile Embassy,Diplomatic,embachilemexico,https://instagram.com/embachilemexico,,,bilateral chile diplomatic embachilemexico embassy foreign-affairs international-relations latin-america pacific south-america southern-cone spanish-speaking
ğŸ‡¨ğŸ‡º Cuba Embassy,Diplomatic,embacumex,https://instagram.com/embacumex,,,bilateral caribbean cuba diplomatic embacumex embassy foreign-affairs international-relations island latin-america spanish-speaking
ğŸ‡©ğŸ‡´ Dominican Republic,Diplomatic,rdenmexico,https://instagram.com/rdenmexico,,,capital caribbean cdmx dominican dominican-republic embassy island latin-america mexican mexico mexico-city mx nafta north-america rdenmexico spanish-speaking
ğŸ‡«ğŸ‡® Finland Embassy,Diplomatic,finlandiaenmexico,https://instagram.com/finlandiaenmexico,,,bilateral diplomatic embassy finlandiaenmexico foreign-affairs international-relations
ğŸ‡«ğŸ‡· France Embassy,Diplomatic,franciaenmexico,https://instagram.com/franciaenmexico,,,bilateral diplomatic embassy eu europe foreign-affairs france franciaenmexico french-speaking international-relations western-europe
ğŸ‡©ğŸ‡ª Germany Embassy,Diplomatic,alemaniamexi,https://instagram.com/alemaniamexi,,,alemaniamexi bilateral central-europe diplomatic embassy eu europe foreign-affairs german-speaking germany international-relations
ğŸ‡®ğŸ‡³ India Embassy,Diplomatic,indiainmex,https://instagram.com/indiainmex,,,asia bilateral commonwealth diplomatic embassy english-speaking foreign-affairs india indiainmex international-relations south-asia
ğŸ‡®ğŸ‡ª Ireland Embassy,Diplomatic,irishembmexico,https://instagram.com/irishembmexico,,,bilateral diplomatic embassy foreign-affairs international-relations irishembmexico
ğŸ‡¯ğŸ‡µ Japan Embassy,Diplomatic,japanemb_mexico,https://instagram.com/japanemb_mexico,,,asia bilateral diplomatic east-asia embassy foreign-affairs international-relations japan japanemb_mexico japanese-speaking pacific
ğŸ‡¯ğŸ‡´ Jordan Embassy,Diplomatic,embmexenjordania,https://instagram.com/embmexenjordania,,,bilateral diplomatic embassy embmexenjordania foreign-affairs international-relations
ğŸ‡µğŸ‡¦ Panama Embassy,Diplomatic,embpanamamex,https://instagram.com/embpanamamex,,,bilateral central-america diplomatic embassy embpanamamex foreign-affairs international-relations latin-america panama spanish-speaking
ğŸ‡µğŸ‡ª Peru Embassy,Diplomatic,elperuenmex,https://instagram.com/elperuenmex,,,andean bilateral diplomatic elperuenmex embassy foreign-affairs international-relations latin-america pacific peru south-america spanish-speaking
ğŸ‡¶ğŸ‡¦ Qatar Embassy,Diplomatic,qatarembassymex,https://instagram.com/qatarembassymex,,,bilateral diplomatic embassy foreign-affairs international-relations qatarembassymex
ğŸ‡¨ğŸ‡­ Switzerland Embassy,Diplomatic,casadesuiza,https://instagram.com/casadesuiza,,,bilateral casadesuiza diplomatic embassy foreign-affairs international-relations
ğŸ‡¬ğŸ‡§ UK Embassy,Diplomatic,ukinmexico,https://instagram.com/ukinmexico,,,bilateral british diplomatic embassy english-speaking europe foreign-affairs international-relations uk ukinmexico united-kingdom
ğŸ‡ºğŸ‡¦ Ukraine Embassy,Diplomatic,ukrembassymex,https://instagram.com/ukrembassymex,,,ai artificial-intelligence bilateral diplomatic embassy foreign-affairs innovation international-relations technology ukrembassymex
ğŸ‡ºğŸ‡¸ USA Embassy,Diplomatic,usembassymex,https://instagram.com/usembassymex,,,bilateral diplomatic embassy english-speaking foreign-affairs international-relations north-america united-states usa usembassymex
ğŸ‡§ğŸ‡§ Barbados in Venezuela,Diplomatic,embbarven,https://instagram.com/embbarven,,,barbadian barbados california caracas caribbean commonwealth diplomatic embassy embbarven english-speaking island latin-america los-angeles north-america south-america spanish-speaking usa ve venezuela venezuelan west-coast
ğŸ‡§ğŸ‡· Brazil in Venezuela,Diplomatic,brenvenezuela,https://instagram.com/brenvenezuela,,,brazil brazilian brenvenezuela california caracas caribbean diplomatic embassy english-speaking latin-america los-angeles north-america portuguese portuguese-speaking south-america spanish-speaking usa ve venezuela venezuelan west-coast
ğŸ‡ªğŸ‡º EU in Venezuela,Diplomatic,ueenvenezuela,https://instagram.com/ueenvenezuela,,,california caracas caribbean diplomatic embassy english-speaking eu europe european-union latin-america los-angeles north-america south-america spanish-speaking ueenvenezuela usa ve venezuela venezuelan west-coast
ğŸ‡«ğŸ‡· France in Venezuela,Diplomatic,embafrancia,https://instagram.com/embafrancia,,,california caracas caribbean diplomatic embafrancia embassy english-speaking eu europe france french french-speaking latin-america los-angeles north-america south-america spanish-speaking usa ve venezuela venezuelan west-coast western-europe
ğŸ‡©ğŸ‡ª Germany in Venezuela,Diplomatic,alemaniaenvenezuela,https://instagram.com/alemaniaenvenezuela,,,alemaniaenvenezuela california caracas caribbean central-europe diplomatic embassy english-speaking eu europe german german-speaking germany latin-america los-angeles north-america south-america spanish-speaking usa ve venezuela venezuelan west-coast
ğŸ‡ªğŸ‡¸ Spain in Venezuela,Diplomatic,embespvenezuela,https://instagram.com/embespvenezuela,,,ai artificial-intelligence california caracas caribbean diplomatic embassy embespvenezuela english-speaking eu europe iberian innovation latin-america los-angeles mediterranean north-america south-america spain spanish spanish-speaking technology usa ve venezuela venezuelan west-coast
ğŸ‡¨ğŸ‡­ Switzerland in Venezuela,Diplomatic,suizaenvenezuela,https://instagram.com/suizaenvenezuela,,,alpine california caracas caribbean diplomatic embassy english-speaking europe latin-america los-angeles neutral north-america south-america spanish-speaking suizaenvenezuela swiss switzerland usa ve venezuela venezuelan west-coast
ğŸ‡¬ğŸ‡§ UK in Venezuela,Diplomatic,ukinvenezuela,https://instagram.com/ukinvenezuela,,,britain british california caracas caribbean commonwealth diplomatic embassy english-speaking europe latin-america los-angeles north-america south-america spanish-speaking uk ukinvenezuela united-kingdom usa ve venezuela venezuelan west-coast
ğŸ‡»ğŸ‡ª Venezuela Embassy,Diplomatic,plenvenezuela,https://instagram.com/plenvenezuela,,,bilateral caribbean diplomatic embassy foreign-affairs international-relations latin-america plenvenezuela south-america spanish-speaking venezuela
ğŸ‡«ğŸ‡· Venezuela in France,Diplomatic,embavefrancia,https://instagram.com/embavefrancia,,,california caribbean diplomatic embassy embavefrancia english-speaking eu europe france french french-speaking latin-america los-angeles north-america paris south-america spanish-speaking usa ve venezuela venezuelan west-coast western-europe
ğŸ‡®ğŸ‡¹ Venezuela in Italy,Diplomatic,embavenitalia,https://instagram.com/embavenitalia,,,california caribbean diplomatic embassy embavenitalia english-speaking eu europe italian italian-speaking italy latin-america los-angeles mediterranean north-america rome south-america spanish-speaking usa ve venezuela venezuelan west-coast
ğŸ‡²ğŸ‡½ Venezuela in Mexico,Diplomatic,embavenmexico,https://instagram.com/embavenmexico,,,california capital caribbean cdmx diplomatic embassy embavenmexico english-speaking latin-america los-angeles mexican mexico mexico-city mx nafta north-america south-america spanish-speaking usa ve venezuela venezuelan west-coast
ğŸ‡¦ğŸ‡º Australia in Colombia,Other,ausembco,https://instagram.com/ausembco,,,andean ausembco australia australian co colombia colombian commonwealth english-speaking latin-america oceania pacific south-america spanish-speaking
ğŸ‡¨ğŸ‡± Chile in Colombia,Other,echilecolombia,https://instagram.com/echilecolombia,,,andean chile chilean co colombia colombian echilecolombia latin-america pacific south-america southern-cone spanish-speaking
ğŸ‡ºğŸ‡¸ Colombia Consulate Atlanta,Diplomatic,consuladocolombiaatlanta,https://instagram.com/consuladocolombiaatlanta,,,atlanta consuladocolombiaatlanta consular-services consulate diplomatic english-speaking foreign-affairs georgia international international-relations north-america peach-state southeast united-states usa
ğŸ‡ºğŸ‡¸ Colombia Consulate Boston,Diplomatic,consuladocolboston,https://instagram.com/consuladocolboston,,,beantown boston consuladocolboston consular-services consulate diplomatic english-speaking foreign-affairs international international-relations massachusetts new-england north-america united-states usa
ğŸ‡«ğŸ‡· Colombia Consulate France,Diplomatic,consuladocolombiafrance,https://instagram.com/consuladocolombiafrance,,,consuladocolombiafrance consular-services consulate diplomatic eu europe foreign-affairs france french-speaking international international-relations western-europe
ğŸ‡ºğŸ‡¸ Colombia Consulate LA,Diplomatic,consuladocollosangeles,https://instagram.com/consuladocollosangeles,,,consuladocollosangeles consular-services consulate diplomatic english-speaking foreign-affairs international international-relations north-america united-states usa
ğŸ‡ªğŸ‡¸ Colombia Consulate Madrid,Diplomatic,consuladocolmadrid,https://instagram.com/consuladocolmadrid,,,capital-city consuladocolmadrid consular-services consulate diplomatic eu europe foreign-affairs iberian international international-relations madrid mediterranean spain spanish-speaking villa-y-corte
ğŸ‡²ğŸ‡½ Colombia Consulate Mexico,Diplomatic,consuladocolmex,https://instagram.com/consuladocolmex,,,consuladocolmex consular-services consulate diplomatic foreign-affairs international international-relations latin-america mexico nafta north-america spanish-speaking
ğŸ‡«ğŸ‡· Colombia Consulate Paris,Diplomatic,consuladocolparis,https://instagram.com/consuladocolparis,,,capital-city city-of-light consuladocolparis consular-services consulate diplomatic eu europe foreign-affairs france french-speaking international international-relations paris western-europe
ğŸ‡¬ğŸ‡§ Colombia Consulate,Diplomatic,consuladocollondres,https://instagram.com/consuladocollondres,,,british consuladocollondres consular-services consulate diplomatic english-speaking europe foreign-affairs international international-relations uk united-kingdom
ğŸŒ Colombia Embassy,Diplomatic,embajadadecolombiaen,https://instagram.com/embajadadecolombiaen,,,bilateral diplomatic embajadadecolombiaen embassy foreign-affairs international-relations
ğŸ‡¦ğŸ‡· Colombia in Argentina,Diplomatic,embcolombiaenarg,https://instagram.com/embcolombiaenarg,,,andean argentina argentinian buenos-aires co colombia colombian embassy embcolombiaenarg latin-america rio-de-la-plata south-america southern-cone spanish-speaking
ğŸ‡¦ğŸ‡¹ Colombia in Austria,Other,embcolaustria,https://instagram.com/embcolaustria,,,alpine andean austria austrian co colombia colombian embcolaustria eu europe latin-america south-america spanish-speaking
ğŸ‡¨ğŸ‡¦ Colombia in Canada,Other,embajadacolcanada,https://instagram.com/embajadacolcanada,,,andean canada canadian co colombia colombian commonwealth embajadacolcanada english-speaking french-speaking latin-america north-america south-america spanish-speaking
ğŸ‡©ğŸ‡° Colombia in Denmark,Other,colombiaendinamarca,https://instagram.com/colombiaendinamarca,,,andean co colombia colombiaendinamarca colombian danish denmark eu europe latin-america nordic scandinavia south-america spanish-speaking
ğŸ‡ªğŸ‡¨ Colombia in Ecuador,Other,embcolecuador,https://instagram.com/embcolecuador,,,andean co colombia colombian ecuador ecuadorian embcolecuador latin-america south-america spanish-speaking
ğŸ‡¸ğŸ‡» Colombia in El Salvador,Other,emcoles,https://instagram.com/emcoles,,,andean central-america co colombia colombian el-salvador emcoles latin-america salvadoran south-america spanish-speaking
ğŸ‡«ğŸ‡· Colombia in France,Other,embajadacolfra,https://instagram.com/embajadacolfra,,,andean co colombia colombian embajadacolfra eu europe france french french-speaking latin-america south-america spanish-speaking western-europe
ğŸ‡¬ğŸ‡­ Colombia in Ghana,Diplomatic,embcolghana,https://instagram.com/embcolghana,,,accra africa andean co colombia colombian commonwealth embassy embcolghana ghana ghanaian latin-america south-america spanish-speaking west-africa
ğŸ‡®ğŸ‡³ Colombia in India,Diplomatic,embcolindia,https://instagram.com/embcolindia,,,andean asia co colombia colombian commonwealth embassy embcolindia english-speaking india indian latin-america new-delhi south-america south-asia spanish-speaking
ğŸ‡®ğŸ‡¹ Colombia in Italy,Other,embajadacolombitalia,https://instagram.com/embajadacolombitalia,,,andean co colombia colombian embajadacolombitalia eu europe italian italian-speaking italy latin-america mediterranean south-america spanish-speaking
ğŸ‡°ğŸ‡· Colombia in Korea,Other,embajadacolkor,https://instagram.com/embajadacolkor,,,andean asia co colombia colombian east-asia embajadacolkor korea korean korean-speaking latin-america south-america south-korea spanish-speaking
ğŸ‡²ğŸ‡½ Colombia in Mexico,Other,embcolombiamex,https://instagram.com/embcolombiamex,,,andean co colombia colombian embcolombiamex latin-america mexican mexico mx nafta north-america south-america spanish-speaking
ğŸ‡³ğŸ‡± Colombia in Netherlands,Other,embcolnl,https://instagram.com/embcolnl,,,andean benelux california co colombia colombian dutch embcolnl english-speaking eu europe latin-america los-angeles netherlands north-america south-america spanish-speaking usa west-coast
ğŸ‡µğŸ‡¦ Colombia in Panama,Other,embajadacolpan,https://instagram.com/embajadacolpan,,,andean central-america co colombia colombian embajadacolpan latin-america panama panamanian south-america spanish-speaking
ğŸ‡µğŸ‡¹ Colombia in Portugal,Other,embcolportugal,https://instagram.com/embcolportugal,,,andean co colombia colombian embcolportugal latin-america south-america spanish-speaking
ğŸ‡©ğŸ‡´ Colombia in Rep. Dom.,Diplomatic,embcolombiaenrd,https://instagram.com/embcolombiaenrd,,,andean caribbean co colombia colombian dominican-republic embassy embcolombiaenrd island latin-america santo-domingo south-america spanish-speaking
ğŸ‡ªğŸ‡¸ Colombia in Spain,Other,embajadacolesp,https://instagram.com/embajadacolesp,,,ai andean artificial-intelligence co colombia colombian embajadacolesp eu europe iberian innovation latin-america mediterranean south-america spain spanish spanish-speaking technology
ğŸ‡¨ğŸ‡­ Colombia in Switzerland,Other,colombiaensuiza,https://instagram.com/colombiaensuiza,,,alpine andean california co colombia colombiaensuiza colombian english-speaking europe latin-america los-angeles neutral north-america south-america spanish-speaking swiss switzerland usa west-coast
ğŸ‡¹ğŸ‡­ Colombia in Thailand,Diplomatic,embcoltailandia,https://instagram.com/embcoltailandia,,,ai andean artificial-intelligence bangkok california co colombia colombian embassy embcoltailandia english-speaking innovation latin-america los-angeles north-america south-america spanish-speaking technology thailand usa west-coast
ğŸ‡¦ğŸ‡ª Colombia in UAE,Other,embajadacolombia_eau,https://instagram.com/embajadacolombia_eau,,,andean arab co colombia colombian embajadacolombia-eau embajadacolombia_eau emirates gulf latin-america middle-east south-america spanish-speaking uae
ğŸ‡¬ğŸ‡§ Colombia in UK,Diplomatic,colombianembassyuk,https://instagram.com/colombianembassyuk,,,andean britain british co colombia colombian colombianembassyuk commonwealth embassy england english-speaking europe latin-america london south-america spanish-speaking uk united-kingdom
ğŸ‡ºğŸ‡¸ Colombia in USA,Diplomatic,colombiaembassyus,https://instagram.com/colombiaembassyus,,,american andean co colombia colombiaembassyus colombian english-speaking latin-america north-america south-america spanish-speaking united-states usa
ğŸ‡»ğŸ‡ª Colombia in Venezuela,Other,embacolombiaenvzla,https://instagram.com/embacolombiaenvzla,,,andean california caribbean co colombia colombian embacolombiaenvzla english-speaking latin-america los-angeles north-america south-america spanish-speaking usa ve venezuela venezuelan west-coast
ğŸ‡ºğŸ‡³ Colombia UNESCO,Other,del_colombiaunesco,https://instagram.com/del_colombiaunesco,,,andean co colombia colombian del-colombiaunesco del_colombiaunesco international latin-america multilateral south-america spanish-speaking un united-nations
ğŸ‡¨ğŸ‡º Cuba in Colombia,Other,embajadacubacol,https://instagram.com/embajadacubacol,,,andean caribbean co colombia colombian cuba cuban embajadacubacol island latin-america south-america spanish-speaking
ğŸ‡©ğŸ‡° Denmark in Colombia,Other,denmarkincolombia,https://instagram.com/denmarkincolombia,,,andean co colombia colombian danish denmark denmarkincolombia eu europe latin-america nordic scandinavia south-america spanish-speaking
ğŸ‡©ğŸ‡° Denmark in France,Other,denmarkinfrance,https://instagram.com/denmarkinfrance,,,danish denmark denmarkinfrance eu europe france french french-speaking nordic scandinavia western-europe
ğŸ‡©ğŸ‡´ Dominican Rep. in Colombia,Other,rdencolombia,https://instagram.com/rdencolombia,,,andean caribbean co colombia colombian dominican-republic island latin-america rdencolombia south-america spanish-speaking
ğŸ‡«ğŸ‡· France in Colombia,Other,francia_en_colombia,https://instagram.com/francia_en_colombia,,,andean co colombia colombian eu europe france francia-en-colombia francia_en_colombia french french-speaking latin-america south-america spanish-speaking western-europe
ğŸ‡©ğŸ‡ª Germany in Colombia,Other,alemaniaencolombia,https://instagram.com/alemaniaencolombia,,,alemaniaencolombia andean central-europe co colombia colombian eu europe german german-speaking germany latin-america south-america spanish-speaking
ğŸ‡¬ğŸ‡¹ Guatemala in Colombia,Other,embajadagt_col,https://instagram.com/embajadagt_col,,,andean california central-america co colombia colombian embajadagt-col embajadagt_col english-speaking guatemala guatemala-city guatemalan latin-america los-angeles north-america south-america spanish-speaking usa west-coast
ğŸ‡®ğŸ‡³ India in Colombia,Other,indiaincolombia,https://instagram.com/indiaincolombia,,,andean asia co colombia colombian commonwealth english-speaking india indiaincolombia indian latin-america south-america south-asia spanish-speaking
ğŸ‡®ğŸ‡ª Ireland in Colombia,Other,irelandcolombia,https://instagram.com/irelandcolombia,,,andean california co colombia colombian english-speaking eu europe ireland irelandcolombia irish latin-america los-angeles north-america south-america spanish-speaking usa west-coast
ğŸ‡µğŸ‡ª Peru in Colombia,Other,embajadadelperuco,https://instagram.com/embajadadelperuco,,,andean co colombia colombian embajadadelperuco latin-america pacific peru peruvian south-america spanish-speaking
ğŸ‡ªğŸ‡¸ Spain in Colombia,Other,embajadaespcol,https://instagram.com/embajadaespcol,,,ai andean artificial-intelligence co colombia colombian embajadaespcol eu europe iberian innovation latin-america mediterranean south-america spain spanish spanish-speaking technology
ğŸ‡¨ğŸ‡­ Switzerland in Colombia,Other,embsuizacolombia,https://instagram.com/embsuizacolombia,,,alpine andean california co colombia colombian embsuizacolombia english-speaking europe latin-america los-angeles neutral north-america south-america spanish-speaking swiss switzerland usa west-coast
ğŸ‡¬ğŸ‡§ UK in Colombia,Other,ukincolombia,https://instagram.com/ukincolombia,,,andean britain british co colombia colombian commonwealth english-speaking europe latin-america south-america spanish-speaking uk ukincolombia united-kingdom
ğŸ‡¨ğŸ‡± Colombia Consulate Antofagasta,Diplomatic,consuladocolantofa,https://instagram.com/consuladocolantofa,,,chile consuladocolantofa consular-services consulate diplomatic foreign-affairs international international-relations latin-america pacific south-america southern-cone spanish-speaking
ğŸ‡²ğŸ‡½ EU in Mexico,Other,uemexico,https://instagram.com/uemexico,,,eu europe european-union latin-america mexican mexico mx nafta north-america spanish-speaking uemexico
ğŸ‡ºğŸ‡¸ EU in USA,Other,euintheus,https://instagram.com/euintheus,,,american english-speaking eu euintheus europe european-union north-america united-states usa
ğŸ‡ºğŸ‡¸ Spain in USA,Other,spainintheusa,https://instagram.com/spainintheusa,,,ai american artificial-intelligence english-speaking eu europe iberian innovation mediterranean north-america spain spainintheusa spanish spanish-speaking technology united-states usa
ğŸ‡¨ğŸ‡´ Venezuela Consulate MedellÃ­n,Diplomatic,consvemedellin,https://instagram.com/consvemedellin,,,andean antioquia city-of-eternal-spring colombia consular-services consulate consvemedellin diplomatic foreign-affairs international international-relations latin-america medellin south-america spanish-speaking
ğŸ‡¨ğŸ‡´ Venezuela Consulate Riohacha,Diplomatic,consulveneriohacha,https://instagram.com/consulveneriohacha,,,andean brazil cidade-maravilhosa colombia consular-services consulate consulveneriohacha diplomatic foreign-affairs international international-relations latin-america marvelous-city rio-de-janeiro south-america spanish-speaking
ğŸ‡»ğŸ‡ª Venezuela Embassy Colombia,Diplomatic,embavecolombia,https://instagram.com/embavecolombia,,,bilateral caribbean diplomatic embassy embavecolombia foreign-affairs international-relations latin-america south-america spanish-speaking venezuela
ğŸ‡»ğŸ‡ª Venezuela in Colombia,Other,embavene_col,https://instagram.com/embavene_col,,,andean california caribbean co colombia colombian embavene-col embavene_col english-speaking latin-america los-angeles north-america south-america spanish-speaking usa ve venezuela venezuelan west-coast
ğŸ‡®ğŸ‡³ Venezuela in India,Other,embavenez_india,https://instagram.com/embavenez_india,,,asia california caribbean commonwealth embavenez-india embavenez_india english-speaking india indian latin-america los-angeles north-america south-america south-asia spanish-speaking usa ve venezuela venezuelan west-coast
ğŸ‡«ğŸ‡· Alianza Francesa Barranquilla,Other,afbarranquilla,https://instagram.com/afbarranquilla,,,afbarranquilla atlantico barranquilla california caribbean caribbean-coast colombia english-speaking eu europe france french french-speaking golden-gate los-angeles north-america south-america spanish-speaking usa west-coast western-europe
ğŸ‡«ğŸ‡· Alianza Francesa BogotÃ¡,Other,afbogota,https://instagram.com/afbogota,,,afbogota andean bogota capital-city colombia distrito-capital eu europe france french french-speaking south-america spanish-speaking western-europe
ğŸ‡°ğŸ‡· Centro Cultural Coreano,Other,coreacolombia,https://instagram.com/coreacolombia,,,asia coreacolombia cultural east-asia korea korean-speaking south-korea
ğŸµ Comhaltas Colombia,Cultural,comhaltascolombia,https://instagram.com/comhaltascolombia,,,andean bogota co colombia colombian comhaltascolombia culture irish latin-america music south-america spanish-speaking
ğŸ‡¨ğŸ‡³ Descubriendo China,Other,descubriendo.china,https://instagram.com/descubriendo.china,,,asia china chinese chinese-speaking descubriendo.china east-asia
ğŸ‡°ğŸ‡· Embajada de Corea,Diplomatic,embajada_corea,https://instagram.com/embajada_corea,,,asia bilateral diplomatic east-asia embajada_corea embassy foreign-affairs international-relations korea korean-speaking south-korea
ğŸ‡©ğŸ‡ª Goethe-Institut,Other,goetheinstitut_kolumbien,https://instagram.com/goetheinstitut_kolumbien,,,central-europe eu europe german-speaking germany goetheinstitut-kolumbien goetheinstitut_kolumbien
ğŸ‡®ğŸ‡¹ Istituto Italiano BogotÃ¡,Other,iicbogota,https://instagram.com/iicbogota,,,andean bogota capital-city colombia distrito-capital eu europe iicbogota italian-speaking italy mediterranean south-america spanish-speaking
ğŸ¨ Bogotart,Other,bogotart,https://instagram.com/bogotart,,,andean bogota bogotart capital-city colombia distrito-capital south-america spanish-speaking
ğŸ¨ MAMM - Museo Arte Moderno,Cultural,elmamm,https://instagram.com/elmamm,,,art culture education elmamm heritage museum tourism
ğŸ¨ MAM BogotÃ¡,Other,mambogota,https://instagram.com/mambogota,,,andean bogota capital-city colombia distrito-capital mambogota south-america spanish-speaking
ğŸ‘© Museo de la Mujer,Cultural,museodelamujercdmx,https://instagram.com/museodelamujercdmx,,,art culture education heritage museodelamujercdmx museum tourism
ğŸ¦– Museo Historia Natural,Cultural,museohnunal,https://instagram.com/museohnunal,,,art culture education heritage museohnunal museum tourism
ğŸ“š Archivo General de la NaciÃ³n,Cultural,agnmex,https://instagram.com/agnmex,,,agnmex archive california culture english-speaking heritage history latin-america los-angeles mexican mexico mexico-city mx nafta national north-america research spanish-speaking usa west-coast
ğŸ“š Archivo de BogotÃ¡,Cultural,archivodebogota,https://instagram.com/archivodebogota,,,andean archive archivodebogota bogota capital-city colombia culture distrito-capital heritage history research south-america spanish-speaking
ğŸ“š Archivo HistÃ³rico Barranquilla,Cultural,archivohistoricobaq,https://instagram.com/archivohistoricobaq,,,archive archivohistoricobaq atlantico barranquilla california caribbean caribbean-coast colombia culture english-speaking golden-gate heritage history los-angeles north-america research south-america spanish-speaking usa west-coast
ğŸ“š Biblioteca Luis Ãngel Arango,Cultural,bibliotecaluisangelarango,https://instagram.com/bibliotecaluisangelarango,,,bibliotecaluisangelarango books culture education library research
ğŸ“š Biblioteca Nacional,Cultural,bibliotecanalco,https://instagram.com/bibliotecanalco,,,bibliotecanalco books culture education library research
ğŸ“· La BogotÃ¡ de Ayer,Other,labogotadayer,https://instagram.com/labogotadayer,,,andean bogota california capital-city colombia distrito-capital english-speaking labogotadayer los-angeles north-america south-america spanish-speaking usa west-coast
ğŸº Instituto AntropologÃ­a,Education,icanh_co,https://instagram.com/icanh_co,,,academic education icanh-co icanh_co institute research
ğŸŒ¿ JardÃ­n BotÃ¡nico BogotÃ¡,Other,jardinbotanicodebogota,https://instagram.com/jardinbotanicodebogota,,,andean bogota capital-city colombia distrito-capital jardinbotanicodebogota south-america spanish-speaking
ğŸŒ¿ JardÃ­n BotÃ¡nico Cartagena,Other,jardinbotanicocartagena,https://instagram.com/jardinbotanicocartagena,,,bolivar caribbean caribbean-coast cartagena coast colombia heroic-city jardinbotanicocartagena south-america spanish-speaking unesco-heritage
ğŸŒ¿ JardÃ­n BotÃ¡nico MedellÃ­n,Other,jardinbotanicomedellin,https://instagram.com/jardinbotanicomedellin,,,antioquia city-of-eternal-spring colombia jardinbotanicomedellin medellin south-america spanish-speaking
ğŸŒŒ Planetario de BogotÃ¡,Other,planetariobog,https://instagram.com/planetariobog,,,andean bogota california capital-city colombia distrito-capital english-speaking los-angeles north-america planetariobog south-america spanish-speaking usa west-coast
ğŸŒŒ Planetario de MedellÃ­n,Other,planetariomed,https://instagram.com/planetariomed,,,antioquia california city-of-eternal-spring colombia english-speaking los-angeles medellin north-america planetariomed south-america spanish-speaking usa west-coast
ğŸ—£ï¸ Berlitz Colombia,Other,berlitzcolombia,https://instagram.com/berlitzcolombia,,,andean berlitzcolombia co colombia colombian latin-america south-america spanish-speaking
ğŸ¨ SecretarÃ­a de Cultura BogotÃ¡,Other,culturaenbta,https://instagram.com/culturaenbta,,,bogota capital-city colombia culturaenbta cultural distrito-capital
ğŸ­ Festival Teatro Cali,Cultural,fiteatrocali,https://instagram.com/fiteatrocali,,,cali colombia culture entertainment fiteatrocali pacific performing-arts salsa-capital theater valle-del-cauca
ğŸ­ Teatro Nacional,Cultural,fteatronacional,https://instagram.com/fteatronacional,,,culture entertainment fteatronacional performing-arts theater
ğŸ¬ Muestra Cine EspaÃ±ol,Other,muestracineespanol,https://instagram.com/muestracineespanol,,,muestracineespanol
ğŸ›ï¸ Plaza Mayor MedellÃ­n,Government,plazamayormed,https://instagram.com/plazamayormed,,,administration antioquia california city-hall city-of-eternal-spring colombia english-speaking government local-government los-angeles medellin municipality north-america plazamayormed politics south-america spanish-speaking usa west-coast
ğŸ¨ SOMA Mexico,Education,somamexico,https://instagram.com/somamexico,,,art education latin-america mexican mexico mexico-city mx nafta north-america somamexico spanish-speaking
ğŸ­ Teatro Metropolitano,Cultural,teatrometropolitano,https://instagram.com/teatrometropolitano,,,culture entertainment performing-arts teatrometropolitano theater
ğŸ“ Centro Posgrados Cauca,Other,unicaucaposgrados,https://instagram.com/unicaucaposgrados,,,unicaucaposgrados
ğŸ“ Universidad de Antioquia,Education,udea,https://instagram.com/udea,,,academic education higher-education research udea university
ğŸ“ Universidad de Barranquilla,Education,unibarranquilla_,https://instagram.com/unibarranquilla_,,,academic atlantico barranquilla caribbean-coast colombia education golden-gate higher-education research unibarranquilla_ university
ğŸ“ Universidad de Cartagena,Education,unicartagena,https://instagram.com/unicartagena,,,academic bolivar caribbean-coast cartagena colombia education heroic-city higher-education research unesco-heritage unicartagena university
ğŸ“ Universidad Del Cauca,Education,universidaddelcauca,https://instagram.com/universidaddelcauca,,,academic education higher-education research universidaddelcauca university
ğŸ“ Universidad PedagÃ³gica,Education,upedagogicanacional,https://instagram.com/upedagogicanacional,,,academic education higher-education research university upedagogicanacional
ğŸ“ Universidad Pontificia Bolivariana,Education,upbcolombia,https://instagram.com/upbcolombia,,,academic education higher-education research university upbcolombia
ğŸ“š Sistema de Bibliotecas MedellÃ­n,Cultural,bibliotecasmed,https://instagram.com/bibliotecasmed,,,antioquia bibliotecasmed books city-of-eternal-spring colombia culture education library medellin research south-america spanish-speaking
ğŸ•Šï¸ Centro Nacional Memoria HistÃ³rica,Other,centromemoriah,https://instagram.com/centromemoriah,,,centromemoriah
ğŸ•Šï¸ FundaciÃ³n Las Golondrinas,Other,fundacionlasgolondrinas,https://instagram.com/fundacionlasgolondrinas,,,california english-speaking fundacionlasgolondrinas los-angeles north-america usa west-coast
ğŸ›ï¸ Instituto Patrimonio Cartagena,Education,ipcc_cartagena,https://instagram.com/ipcc_cartagena,,,academic bolivar caribbean caribbean-coast cartagena coast colombia education heroic-city institute ipcc-cartagena ipcc_cartagena research south-america spanish-speaking unesco-heritage
ğŸ›ï¸ Mesa de Museos MedellÃ­n,Cultural,museos_de_medellin,https://instagram.com/museos_de_medellin,,,antioquia art city-of-eternal-spring colombia culture education heritage medellin museos_de_medellin museum tourism
ğŸ›ï¸ Museo de Antioquia,Cultural,museodeantioquia,https://instagram.com/museodeantioquia,,,art culture education heritage museodeantioquia museum tourism
ğŸ›ï¸ Museo de BogotÃ¡,Cultural,museodebogota,https://instagram.com/museodebogota,,,art bogota capital-city colombia culture distrito-capital education heritage museodebogota museum tourism
ğŸ›ï¸ Museo del Oro,Cultural,museodeloro,https://instagram.com/museodeloro,,,art culture education heritage museodeloro museum tourism
ğŸ›ï¸ Museo Memoria y Tolerancia,Cultural,museomyt,https://instagram.com/museomyt,,,art culture education heritage museomyt museum tourism
ğŸ›ï¸ Museo Nacional,Cultural,museonacionalco,https://instagram.com/museonacionalco,,,art culture education heritage museonacionalco museum tourism
ğŸŒ± Agencia Desarrollo Rural,Other,adr_colombia,https://instagram.com/adr_colombia,,,adr-colombia adr_colombia
ğŸŒ³ Ambiente BogotÃ¡,Other,ambiente_bogota,https://instagram.com/ambiente_bogota,,,ambiente-bogota ambiente_bogota andean bogota capital-city colombia distrito-capital south-america spanish-speaking
ğŸ‡ºğŸ‡¸ AmCham Colombia,Other,amchamcolombia,https://instagram.com/amchamcolombia,,,amchamcolombia american american-chamber andean bogota business co colombia colombian commerce english-speaking latin-america north-america south-america spanish-speaking united-states usa
ğŸµ AsociaciÃ³n PrimatolÃ³gica,Other,primatesapc,https://instagram.com/primatesapc,,,primatesapc
ğŸŒ³ Asuntos Ambientales Cartagena,Other,asuntosambientalesctg,https://instagram.com/asuntosambientalesctg,,,asuntosambientalesctg bolivar caribbean caribbean-coast cartagena coast colombia heroic-city south-america spanish-speaking unesco-heritage
ğŸ¦… Birds Colombia,Other,birdscolombia,https://instagram.com/birdscolombia,,,andean birdscolombia co colombia colombian latin-america south-america spanish-speaking
ğŸ’³ Colombia Fintech,Other,colombiafintech,https://instagram.com/colombiafintech,,,andean bogota co colombia colombiafintech colombian digital finance fintech innovation latin-america south-america spanish-speaking startups tech technology
ğŸ‡©ğŸ‡ª Hanns Seidel Stiftung,Other,hannsseidelcol,https://instagram.com/hannsseidelcol,,,bogota central-europe colombia democracy development eu europe foundation german-speaking germany hannsseidelcol spanish-speaking
ğŸ¤² HIAS Colombia,Organization,hiascolombia,https://instagram.com/hiascolombia,,,andean bogota co colombia colombian hias hiascolombia humanitarian latin-america migration ngo refugees south-america spanish-speaking
ğŸŒ¿ Instituto Ciencias Naturales,Education,icnunal,https://instagram.com/icnunal,,,academic education icnunal institute research
ğŸŒ¿ Instituto Humboldt,Education,instituto_humboldt,https://instagram.com/instituto_humboldt,,,academic education institute instituto-humboldt instituto_humboldt research
ğŸ‡°ğŸ‡· KOICA Colombia,Other,koica_colombia,https://instagram.com/koica_colombia,,,aid andean asia bogota co colombia colombian cooperation development east-asia koica-colombia koica_colombia korea korean korean-speaking latin-america south-america south-korea spanish-speaking
ğŸ‡ºğŸ‡³ OCHA Colombia,Other,ochacolombia,https://instagram.com/ochacolombia,,,andean bogota co colombia colombian crisis-response humanitarian international latin-america multilateral ocha ochacolombia south-america spanish-speaking un united-nations
ğŸ‡ºğŸ‡³ OCHA Venezuela,Other,ocha_venezuela,https://instagram.com/ocha_venezuela,,,california caracas caribbean crisis-response english-speaking humanitarian international latin-america los-angeles multilateral north-america ocha ocha-venezuela ocha_venezuela south-america spanish-speaking un united-nations usa ve venezuela venezuelan west-coast
ğŸŒ OEI Colombia,Education,oeicolombia,https://instagram.com/oeicolombia,,,andean bogota co colombia colombian cooperation education ibero-american latin-america oei oeicolombia south-america spanish-speaking
ğŸ‡ºğŸ‡³ ONU Mujeres Colombia,Organization,onumujerescol,https://instagram.com/onumujerescol,,,andean bogota co colombia colombian gender-equality international latin-america multilateral ngo onumujerescol south-america spanish-speaking un united-nations women
ğŸ‡ºğŸ‡³ ONU Mujeres MÃ©xico,Organization,onumujeresmx,https://instagram.com/onumujeresmx,,,gender-equality international mexico mexico-city multilateral ngo onumujeresmx spanish-speaking un united-nations women
ğŸ¤ Superintendencia Solidaria,Other,supersolidaria,https://instagram.com/supersolidaria,,,supersolidaria
ğŸš— SuperTransporte,Other,supertransporte_oficial,https://instagram.com/supertransporte_oficial,,,supertransporte-oficial supertransporte_oficial
ğŸ‡ºğŸ‡³ UNFPA Colombia,Other,unfpa_colombia,https://instagram.com/unfpa_colombia,,,andean bogota california co colombia colombian english-speaking health international latin-america los-angeles multilateral north-america population reproductive-health south-america spanish-speaking un unfpa unfpa-colombia unfpa_colombia united-nations usa west-coast
ğŸ‡ºğŸ‡³ UNICEF Colombia,Other,unicef_colombia,https://instagram.com/unicef_colombia,,,andean co colombia colombian international latin-america multilateral south-america spanish-speaking un unicef-colombia unicef_colombia united-nations
ğŸ‡ªğŸ‡º UniÃ³n Europea en Colombia,Other,ueencolombia,https://instagram.com/ueencolombia,,,andean co colombia colombian eu europe european-union latin-america south-america spanish-speaking ueencolombia
ğŸ¼ WWF Colombia,Other,wwf_colombia,https://instagram.com/wwf_colombia,,,andean co colombia colombian latin-america south-america spanish-speaking wwf-colombia wwf_colombia
ğŸ¦ ZoolÃ³gico de Cali,Other,zoologicodecali,https://instagram.com/zoologicodecali,,,cali colombia pacific salsa-capital south-america spanish-speaking valle-del-cauca zoologicodecali
âš–ï¸ AmnistÃ­a Internacional,Organization,aimexico,https://instagram.com/aimexico,,,aimexico amnesty civil-rights human-rights justice mexico ngo
â¤ï¸ Cruz Roja Colombiana,Organization,cruzrojacol,https://instagram.com/cruzrojacol,,,colombia cruzrojacol emergency humanitarian medical ngo red-cross
ğŸ›ï¸ CIVIX Colombia,Other,civix_colombia,https://instagram.com/civix_colombia,,,andean bogota civic civix-colombia civix_colombia co colombia colombian democracy governance latin-america south-america spanish-speaking technology
ğŸï¸ Parques Nacionales,Other,parquescolombia,https://instagram.com/parquescolombia,,,parquescolombia
ğŸ‘ï¸ Transparencia por Colombia,Organization,transparenciacolombia,https://instagram.com/transparenciacolombia,,,andean bogota co colombia colombian corruption governance latin-america ngo south-america spanish-speaking transparenciacolombia transparency
ğŸ¥¤ 7Up,Other,7upve,https://instagram.com/7upve,,,7upve beverages california caribbean english-speaking latin-america lemon-lime los-angeles north-america pepsico soda south-america spanish-speaking usa ve venezuela venezuelan west-coast
ğŸ¥¤ Coca-Cola,Other,cocacolave,https://instagram.com/cocacolave,,,beverages california caribbean coca-cola cocacolave cola english-speaking latin-america los-angeles north-america soda south-america spanish-speaking usa ve venezuela venezuelan west-coast
ğŸŒ® Doritos,Food & Beverage,doritosvzla,https://instagram.com/doritosvzla,,,california caribbean chips doritosvzla english-speaking food frito-lay latin-america los-angeles north-america pepsico snacks south-america spanish-speaking usa ve venezuela venezuelan west-coast
ğŸ¿ Jack's,Food & Beverage,jacksvenezuela,https://instagram.com/jacksvenezuela,,,california caribbean english-speaking food jacksvenezuela latin-america los-angeles north-america popcorn snacks south-america spanish-speaking usa ve venezuela venezuelan west-coast
ğŸµ Nestea,Other,nesteavzla,https://instagram.com/nesteavzla,,,beverages california caribbean english-speaking iced-tea latin-america los-angeles nesteavzla nestle north-america south-america spanish-speaking tea usa ve venezuela venezuelan west-coast
ğŸª Oreo,Other,oreo.venezuela,https://instagram.com/oreo.venezuela,,,california caribbean cookies english-speaking latin-america los-angeles mondelez north-america oreo.venezuela snacks south-america spanish-speaking sweets usa ve venezuela venezuelan west-coast
ğŸ• Papa John's,Food & Beverage,papajohnsve,https://instagram.com/papajohnsve,,,california caribbean delivery english-speaking fast-food latin-america los-angeles north-america papajohnsve pizza restaurant south-america spanish-speaking usa ve venezuela venezuelan west-coast
ğŸ¥¤ Pepsi,Other,pepsiven,https://instagram.com/pepsiven,,,beverages california caribbean cola english-speaking latin-america los-angeles north-america pepsico pepsiven soda south-america spanish-speaking usa ve venezuela venezuelan west-coast
ğŸ¥¤ PepsiCo,Other,pepsicovzla,https://instagram.com/pepsicovzla,,,beverages california caribbean english-speaking latin-america los-angeles multinational north-america pepsico pepsicovzla soda south-america spanish-speaking usa ve venezuela venezuelan west-coast
â˜• NescafÃ©,Food & Beverage,nescafeve,https://instagram.com/nescafeve,,,beverages cafe coffee dining instant-coffee nescafeve nestle venezuela
ğŸ¥› Alimentos La Granja,Other,somoslagranja,https://instagram.com/somoslagranja,,,california caribbean dairy english-speaking latin-america local-brand los-angeles milk north-america somoslagranja south-america spanish-speaking usa ve venezuela venezuelan west-coast yogurt
ğŸ¿ Alimentos Munchy,Other,alimentosmunchy,https://instagram.com/alimentosmunchy,,,alimentosmunchy california caribbean chips english-speaking latin-america local-brand los-angeles north-america popcorn snacks south-america spanish-speaking usa ve venezuela venezuelan west-coast
ğŸ¬ Bonobon,Other,bonobon_vzla,https://instagram.com/bonobon_vzla,,,arcor bonobon-vzla bonobon_vzla california candy caribbean chocolate english-speaking latin-america los-angeles north-america south-america spanish-speaking sweets usa ve venezuela venezuelan wafer west-coast
ğŸ§€ ChisKesitos,Food & Beverage,chiskesitos,https://instagram.com/chiskesitos,,,california caribbean cheese chiskesitos english-speaking food latin-america local-brand los-angeles north-america snacks south-america spanish-speaking usa ve venezuela venezuelan west-coast
ğŸª Danibisk,Other,danibiskoficialve,https://instagram.com/danibiskoficialve,,,biscuits california caribbean cookies danibiskoficialve english-speaking latin-america local-brand los-angeles north-america snacks south-america spanish-speaking usa ve venezuela venezuelan west-coast
ğŸ¬ Gomitas Trolli,Other,trolligomitas,https://instagram.com/trolligomitas,,,california candy caribbean english-speaking gummy international latin-america los-angeles north-america south-america spanish-speaking sweets trolli trolligomitas usa ve venezuela venezuelan west-coast
ğŸ´ Iberia,Food & Beverage,iberiavenezuela,https://instagram.com/iberiavenezuela,,,california canned-goods caribbean english-speaking food iberiavenezuela latin-america los-angeles north-america sardines south-america spanish-speaking tuna usa ve venezuela venezuelan west-coast
ğŸ¥£ Maizoritos,Other,cerealesmaizoritos,https://instagram.com/cerealesmaizoritos,,,ai artificial-intelligence breakfast california caribbean cereal cerealesmaizoritos corn english-speaking innovation latin-america local-brand los-angeles north-america south-america spanish-speaking technology usa ve venezuela venezuelan west-coast
ğŸ¥› MiGurt,Other,migurtve,https://instagram.com/migurtve,,,california caribbean dairy english-speaking latin-america local-brand los-angeles migurtve north-america probiotics south-america spanish-speaking usa ve venezuela venezuelan west-coast yogurt
ğŸŒ¾ Molinos Nacionales MONACA,Other,monaca.ve,https://instagram.com/monaca.ve,,,california caribbean corn-flour english-speaking flour harina-pan latin-america local-brand los-angeles monaca.ve north-america south-america spanish-speaking usa ve venezuela venezuelan west-coast
ğŸ´ Osole Foods,Food & Beverage,osole_foods,https://instagram.com/osole_foods,,,cuisine dining food gastronomy osole_foods restaurant
ğŸ¥› Parmalat,Other,parmalatve,https://instagram.com/parmalatve,,,california caribbean dairy english-speaking international latin-america los-angeles milk north-america parmalat parmalatve south-america spanish-speaking usa ve venezuela venezuelan west-coast yogurt
ğŸ Pastas Capri,Food & Beverage,pastascaprive,https://instagram.com/pastascaprive,,,california caribbean english-speaking food italian latin-america local-brand los-angeles north-america pasta pastascaprive south-america spanish-speaking usa ve venezuela venezuelan west-coast
ğŸ Pastas Sindoni,Food & Beverage,pastassindoni,https://instagram.com/pastassindoni,,,california caribbean english-speaking food italian latin-america local-brand los-angeles north-america pasta pastassindoni south-america spanish-speaking usa ve venezuela venezuelan west-coast
ğŸ« Pirulin,Other,pirulinve,https://instagram.com/pirulinve,,,california candy caribbean chocolate english-speaking latin-america local-favorite los-angeles north-america pirulinve south-america spanish-speaking sweets usa ve venezuela venezuelan wafer west-coast
ğŸ¥© Plumrose,Food & Beverage,plumrosevzla,https://instagram.com/plumrosevzla,,,california caribbean deli english-speaking food latin-america los-angeles meat north-america plumrosevzla processed-meat south-america spanish-speaking usa ve venezuela venezuelan west-coast
ğŸ´ Primor,Food & Beverage,primorvzla,https://instagram.com/primorvzla,,,california caribbean cooking-oil english-speaking food latin-america local-brand los-angeles margarine north-america primorvzla south-america spanish-speaking usa ve venezuela venezuelan west-coast
ğŸ« Savoy,Other,savoynestle,https://instagram.com/savoynestle,,,california candy caribbean chocolate english-speaking latin-america local-favorite los-angeles nestle north-america savoynestle south-america spanish-speaking sweets usa ve venezuela venezuelan west-coast
ğŸ§ˆ Tealca,Other,tealacavenezuela,https://instagram.com/tealacavenezuela,,,butter california caribbean dairy english-speaking latin-america local-brand los-angeles margarine north-america south-america spanish-speaking tealacavenezuela usa ve venezuela venezuelan west-coast
â˜• CafÃ© Sello Rojo,Food & Beverage,cafe.sellorojo,https://instagram.com/cafe.sellorojo,,,beverages cafe cafe.sellorojo coffee colombian-coffee dining venezuela
ğŸ‡¦ğŸ‡· Argentina in China,Other,arginchina,https://instagram.com/arginchina,,,argentina argentinian arginchina asia china chinese east-asia latin-america south-america southern-cone spanish-speaking
ğŸ‡¨ğŸ‡± Chile in China,Other,embachilechina,https://instagram.com/embachilechina,,,asia chile chilean china chinese east-asia embachilechina latin-america pacific south-america southern-cone spanish-speaking
ğŸ‡¨ğŸ‡³ China in Chile,Other,embchinachile,https://instagram.com/embchinachile,,,asia chile chilean china chinese chinese-speaking east-asia embchinachile latin-america pacific south-america southern-cone spanish-speaking
ğŸ‡µğŸ‡¦ China in Panama,Other,chinaembpa,https://instagram.com/chinaembpa,,,asia central-america china chinaembpa chinese east-asia latin-america panama panamanian spanish-speaking
ğŸ‡©ğŸ‡´ China in Rep. Dom.,Other,chinaembajada,https://instagram.com/chinaembajada,,,asia caribbean china chinaembajada chinese dominican-republic east-asia island latin-america spanish-speaking
ğŸ‡ªğŸ‡¨ Ecuador in China,Other,embajadaecuador.china,https://instagram.com/embajadaecuador.china,,,andean asia china chinese east-asia ecuador ecuadorian embajadaecuador.china latin-america south-america spanish-speaking
ğŸ‡µğŸ‡¾ Paraguay in Taiwan,Other,embapartaiwan,https://instagram.com/embapartaiwan,,,ai artificial-intelligence embapartaiwan innovation landlocked latin-america paraguay paraguayan south-america spanish-speaking technology
ğŸ‡µğŸ‡ª Peru in China,Other,embajada_del_peru_en_china,https://instagram.com/embajada_del_peru_en_china,,,andean asia china chinese east-asia embajada-del-peru-en-china embajada_del_peru_en_china latin-america pacific peru peruvian south-america spanish-speaking
ğŸ‡»ğŸ‡ª Venezuela in China,Other,embavechina,https://instagram.com/embavechina,,,asia california caribbean china chinese east-asia embavechina english-speaking latin-america los-angeles north-america south-america spanish-speaking usa ve venezuela venezuelan west-coast
ğŸ‡¨ğŸ‡´ Presidencia de Colombia,Government,infopresidencia,https://instagram.com/infopresidencia,,,andean bogota casa-narino co colombia colombian executive government infopresidencia latin-america politics president south-america spanish-speaking
âš–ï¸ Consejo Superior Judicatura,Government,consejosuperiorjudicatura,https://instagram.com/consejosuperiorjudicatura,,,bogota colombia consejosuperiorjudicatura courts government judiciary justice legal
âš–ï¸ Corte Suprema,Other,cortesupremaj,https://instagram.com/cortesupremaj,,,cortesupremaj
ğŸŒ¾ MinAgricultura,Other,minagriculturacol,https://instagram.com/minagriculturacol,,,cultural minagriculturacol
ğŸŒ³ MinAmbiente Colombia,Other,minambientecol,https://instagram.com/minambientecol,,,andean co colombia colombian latin-america minambientecol south-america spanish-speaking
ğŸ”¬ Minciencias,Government,minciencias_co,https://instagram.com/minciencias_co,,,administration bogota colombia government innovation minciencias-co minciencias_co ministry public-sector research science spanish-speaking technology
ğŸ¨ MinCultura Colombia,Other,mincultura,https://instagram.com/mincultura,https://www.youtube.com/@MinisterioCulturaColombia,https://www.mincultura.gov.co/,cultural mincultura
ğŸ“ MinEducaciÃ³n,Other,mineducacioncol,https://instagram.com/mineducacioncol,https://www.youtube.com/@Mineducacion,https://www.mineducacion.gov.co/,mineducacioncol
âš–ï¸ MinIgualdad,Government,minigualdadcol,https://instagram.com/minigualdadcol,,,bogota colombia gender-equality government lgbti minigualdadcol ministry rights women
âš–ï¸ MinJusticia,Government,minjusticiaco,https://instagram.com/minjusticiaco,,,bogota colombia government justice law legal-system ministry minjusticiaco prisons
âš¡ MinMinas y EnergÃ­a,Government,ministeriominasyenergia,https://instagram.com/ministeriominasyenergia,,,bogota colombia energy gas government mining ministeriominasyenergia ministry oil petroleum
ğŸ¥ MinSalud,Other,minsaludcol,https://instagram.com/minsaludcol,,https://www.minsalud.gov.co/,minsaludcol
ğŸ’¼ MinTrabajo,Other,mintrabajocol,https://instagram.com/mintrabajocol,,https://www.mintrabajo.gov.co/,mintrabajocol
ğŸš— Ministerio de Transporte,Government,mintransporteco,https://instagram.com/mintransporteco,,,administration government ministry mintransporteco public-sector
ğŸš AviaciÃ³n Policial,Other,aviacionpolicialcolombia,https://instagram.com/aviacionpolicialcolombia,,,aviacionpolicialcolombia
ğŸ“ EducaciÃ³n Policial,Other,educacionponal,https://instagram.com/educacionponal,,,educacionponal
âš“ Escuela Naval,Other,escuelanavaldecadetes,https://instagram.com/escuelanavaldecadetes,,,california english-speaking escuelanavaldecadetes los-angeles north-america usa west-coast
âœˆï¸ Fuerza AÃ©rea,Other,fuerzaaereacol,https://instagram.com/fuerzaaereacol,,,fuerzaaereacol
ğŸ‘® PolicÃ­a Bucaramanga,Other,policiabmanga,https://instagram.com/policiabmanga,,,bucaramanga city-of-parks colombia policiabmanga santander south-america spanish-speaking
ğŸ‘® PolicÃ­a CÃºcuta,Other,policiacucuta,https://instagram.com/policiacucuta,,,policiacucuta
ğŸ‘® PolicÃ­a MedellÃ­n,Other,policiamedellin_,https://instagram.com/policiamedellin_,,,antioquia city-of-eternal-spring colombia medellin policiamedellin- policiamedellin_ south-america spanish-speaking
ğŸ‘® PolicÃ­a Nacional,Other,policiadecolombia,https://instagram.com/policiadecolombia,,,policiadecolombia
ğŸ’§ Aguas de Cartagena,Other,aguasdecartagena,https://instagram.com/aguasdecartagena,,,aguasdecartagena bolivar caribbean caribbean-coast cartagena coast colombia heroic-city south-america spanish-speaking unesco-heritage
ğŸ›ï¸ AlcaldÃ­a de Barranquilla,Government,alcaldiabarranquilla,https://instagram.com/alcaldiabarranquilla,,,administration alcaldiabarranquilla atlantico barranquilla california caribbean caribbean-coast city-hall colombia english-speaking golden-gate local-government los-angeles municipality north-america south-america spanish-speaking usa west-coast
ğŸ›ï¸ AlcaldÃ­a Cartagena,Government,alcaldiacartagena,https://instagram.com/alcaldiacartagena,,,administration alcaldiacartagena bolivar caribbean caribbean-coast cartagena city-hall coast colombia heroic-city local-government municipality south-america spanish-speaking unesco-heritage
ğŸ¤ Gerencia Social Barranquilla,Other,gerenciasocialbaq,https://instagram.com/gerenciasocialbaq,,,atlantico barranquilla california caribbean caribbean-coast colombia english-speaking gerenciasocialbaq golden-gate los-angeles north-america south-america spanish-speaking usa west-coast
ğŸ“ SecretarÃ­a EducaciÃ³n Bqlla,Other,sed_barranquilla,https://instagram.com/sed_barranquilla,,,california english-speaking los-angeles north-america sed-barranquilla sed_barranquilla usa west-coast
ğŸ“ Sec EducaciÃ³n Cartagena,Other,seceducacionctg,https://instagram.com/seceducacionctg,,,bolivar caribbean caribbean-coast cartagena coast colombia heroic-city seceducacionctg south-america spanish-speaking unesco-heritage
ğŸšŒ Transmetro Barranquilla,Other,transmetrobaq,https://instagram.com/transmetrobaq,,,atlantico barranquilla california caribbean caribbean-coast colombia english-speaking golden-gate los-angeles north-america south-america spanish-speaking transmetrobaq usa west-coast
ğŸ›ï¸ AlcaldÃ­a de Caldas,Government,alcaldiadecaldas,https://instagram.com/alcaldiadecaldas,,,administration alcaldiadecaldas caldas city-hall coffee-region colombia government local-government manizales municipal municipality south-america spanish-speaking
âœˆï¸ IDT BogotÃ¡,Other,bogota_turismo,https://instagram.com/bogota_turismo,,,andean bogota bogota-turismo bogota_turismo capital-city colombia distrito-capital south-america spanish-speaking
â˜®ï¸ ConsejerÃ­a de Paz BogotÃ¡,Other,consejeriapaz,https://instagram.com/consejeriapaz,,,andean bogota capital-city colombia consejeriapaz distrito-capital south-america spanish-speaking
ğŸ“ EducaciÃ³n,Government,educacion_bogota,https://instagram.com/educacion_bogota,,,andean bogota colombia educacion-bogota educacion_bogota education government south-america spanish-speaking
ğŸ“ SecretarÃ­a EducaciÃ³n MedellÃ­n,Other,educacionmed,https://instagram.com/educacionmed,,,antioquia city-of-eternal-spring colombia educacionmed medellin south-america spanish-speaking
ğŸš‡ Metro de BogotÃ¡,Other,elmetrobogota,https://instagram.com/elmetrobogota,,,andean bogota capital-city colombia distrito-capital elmetrobogota south-america spanish-speaking
ğŸ¤² IntegraciÃ³n Social,Government,integracionsocialbog,https://instagram.com/integracionsocialbog,,,andean bogota colombia government integracionsocialbog social-services south-america spanish-speaking
ğŸ¤ ParticipaciÃ³n,Government,participacionbogota,https://instagram.com/participacionbogota,,,andean bogota colombia government participacionbogota participation south-america spanish-speaking
ğŸ¨ PopayÃ¡n Cultural,Other,popayancultural,https://instagram.com/popayancultural,,,cauca colombia cultural popayan popayancultural white-city
ğŸ­ Cultura y Turismo PopayÃ¡n,Travel,secculturayturismopopayan,https://instagram.com/secculturayturismopopayan,,,cauca colombia cultural destination popayan secculturayturismopopayan tourism travel visitor white-city
âš½ Deporte PopayÃ¡n,Other,secdeportepopayan,https://instagram.com/secdeportepopayan,,,cauca colombia popayan secdeportepopayan south-america spanish-speaking white-city
ğŸ” SecretarÃ­a de Transparencia,Government,stransparenciaoficial,https://instagram.com/stransparenciaoficial,,,accountability anti-corruption bogota colombia government spanish-speaking stransparenciaoficial transparency
ğŸšŒ TransMilenio,Other,transmilenio,https://instagram.com/transmilenio,,https://www.transmilenio.gov.co/,transmilenio
ğŸ›ï¸ AlcaldÃ­a de CÃºcuta,Government,alcaldiacucuta,https://instagram.com/alcaldiacucuta,,,administration alcaldiacucuta city-hall local-government municipality
ğŸ›ï¸ AlcaldÃ­a de IbaguÃ©,Government,alcaldiadeibague,https://instagram.com/alcaldiadeibague,,,administration alcaldiadeibague city-hall colombia ibague local-government municipality south-america spanish-speaking tolima
ğŸ­ Cultura Cali,Other,caliculturacol,https://instagram.com/caliculturacol,,,cali caliculturacol colombia cultural pacific salsa-capital valle-del-cauca
ğŸŒ³ DAGMA Oficial,Other,dagmaoficial,https://instagram.com/dagmaoficial,,,dagmaoficial
ğŸ“ EducaciÃ³n,Government,educacioncali,https://instagram.com/educacioncali,,,cali colombia educacioncali education government pacific south-america valle-del-cauca
ğŸš“ Seguridad Cali,Other,seguridadcali,https://instagram.com/seguridadcali,,,cali colombia pacific salsa-capital seguridadcali south-america spanish-speaking valle-del-cauca
ğŸ›ï¸ AlcaldÃ­a Mayor de BogotÃ¡,Government,alcaldiabogota,https://instagram.com/alcaldiabogota,https://www.youtube.com/@AlcaldiaBogota,https://bogota.gov.co/,administration alcaldiabogota andean bogota capital-city city-hall colombia distrito-capital government local-government municipality politics south-america spanish-speaking
ğŸ›ï¸ AlcaldÃ­a PopayÃ¡n,Government,alcaldiapopayan,https://instagram.com/alcaldiapopayan,,,administration alcaldiapopayan cauca city-hall colombia local-government municipality popayan south-america spanish-speaking white-city
ğŸ›ï¸ AlcaldÃ­a Tunja,Government,alcaldiadetunja,https://instagram.com/alcaldiadetunja,,,administration alcaldiadetunja andes boyaca city-hall colombia local-government municipality south-america spanish-speaking tunja
ğŸ›ï¸ AlcaldÃ­a Bucaramanga,Government,alcaldiadebucaramanga,https://instagram.com/alcaldiadebucaramanga,,,administration alcaldiadebucaramanga bucaramanga city-hall city-of-parks colombia government local-government municipal municipality santander south-america spanish-speaking
ğŸ•Šï¸ Centro Memoria BogotÃ¡,Other,centromemoriabogota,https://instagram.com/centromemoriabogota,,,andean bogota capital-city centromemoriabogota colombia distrito-capital south-america spanish-speaking
ğŸ—³ï¸ Consejo Nacional Electoral,Government,cne_colombia,https://instagram.com/cne_colombia,,,bogota cne-colombia cne_colombia colombia democracy elections electoral government spanish-speaking voting
ğŸ›ï¸ Cultura Ciudadana,Other,bogotaescivica,https://instagram.com/bogotaescivica,,,bogotaescivica cultural
ğŸ›¡ï¸ DefensorÃ­a del Pueblo,Other,defensoriacol,https://instagram.com/defensoriacol,,,defensoriacol
ğŸï¸ Espacio PÃºblico BogotÃ¡,Other,miespacioesbogota,https://instagram.com/miespacioesbogota,,,andean bogota capital-city colombia distrito-capital miespacioesbogota south-america spanish-speaking
ğŸ›ï¸ FunciÃ³n PÃºblica,Government,funcionpublicacolombia,https://instagram.com/funcionpublicacolombia,,,bogota civil-service colombia employment funcionpublicacolombia government public-service spanish-speaking
ğŸ›ï¸ GobernaciÃ³n de BolÃ­var,Other,gobbolivar,https://instagram.com/gobbolivar,,,gobbolivar
ğŸ›ï¸ GobernaciÃ³n Risaralda,Other,gobernacionrisaralda,https://instagram.com/gobernacionrisaralda,,,gobernacionrisaralda
ğŸ›ï¸ GobernaciÃ³n Tolima,Other,gobertolima,https://instagram.com/gobertolima,,,gobertolima lima pacific peru south-america spanish-speaking
ğŸ›ï¸ Gobierno BogotÃ¡,Government,gobiernbta,https://instagram.com/gobiernbta,,,andean bogota capital-city colombia distrito-capital gobiernbta government south-america spanish-speaking
ğŸ˜ï¸ Habitat,Government,habitatbogota,https://instagram.com/habitatbogota,,,andean bogota colombia government habitatbogota housing south-america spanish-speaking
ğŸ›¡ï¸ MinDefensa,Other,mindefensaco,https://instagram.com/mindefensaco,,,mindefensaco
ğŸ›ï¸ Ministerio del Interior,Government,mininterior,https://instagram.com/mininterior,,,administration government mininterior ministry public-sector
ğŸ“»b Caracol Radio,Other,caracolradio,https://instagram.com/caracolradio,,,bogota broadcast broadcasting caracolradio colombia communication entertainment journalism media news radio spanish-speaking
ğŸ¦ Banco De BogotÃ¡,Other,bancodebogota,https://instagram.com/bancodebogota,,https://www.bancodebogota.com/,andean bancodebogota bogota capital-city colombia distrito-capital south-america spanish-speaking
ğŸ¦ Bancolombia,Other,bancolombia,https://instagram.com/bancolombia,,https://www.bancolombia.com/,andean bancolombia colombia colombian latin-america south-america spanish-speaking
ğŸ“° Bloomberg LÃ­nea,Other,bloomberglineacolombia,https://instagram.com/bloomberglineacolombia,,,andean bloomberg bloomberglineacolombia bogota business co colombia colombian economy finance latin-america news south-america spanish-speaking
ğŸ“» Blu Radio,Other,bluradio,https://instagram.com/bluradio,,,bluradio broadcasting communication entertainment media
ğŸª Bodegas Chinas,Other,bodegaschinas,https://instagram.com/bodegaschinas,,,asia bodegaschinas china chinese east-asia
ğŸ“» Caracol Radio,Other,caracolmedellin,https://instagram.com/caracolmedellin,,,antioquia broadcasting caracolmedellin colombia communication entertainment journalism local medellin media news radio south-america spanish-speaking
ğŸ“º Caracol TelevisiÃ³n,Other,caracoltv,https://instagram.com/caracoltv,,,caracoltv
ğŸ“º CNN en EspaÃ±ol,Other,cnnee,https://instagram.com/cnnee,,,cnn cnnee communication english-speaking journalism latin-america media news spanish television usa
ğŸ‘Ÿ Converse Colombia,Other,conversecol,https://instagram.com/conversecol,,,andean co colombia colombian conversecol latin-america south-america spanish-speaking
ğŸ‘Ÿ Crocs Colombia,Other,crocscolombia_oficial,https://instagram.com/crocscolombia_oficial,,,andean co colombia colombian crocscolombia-oficial crocscolombia_oficial latin-america south-america spanish-speaking
ğŸ“° CÃºcuta Noticias,Other,cucutanoticias,https://instagram.com/cucutanoticias,,,colombia communication cucuta cucutanoticias journalism local media news norte-santander spanish-speaking
ğŸ“º Disney+ LatinoamÃ©rica,Other,disneyplusla,https://instagram.com/disneyplusla,,,california disney disneyplusla english-speaking entertainment family latin-america los-angeles movies north-america streaming usa west-coast
ğŸ’Š DroguerÃ­as Cafam,Other,drogueriascafam,https://instagram.com/drogueriascafam,,,drogueriascafam
ğŸ“° El Espectador,Other,elespectador,https://instagram.com/elespectador,,,bogota colombia elespectador journalism media news newspaper oldest spanish-speaking
ğŸ“° El PaÃ­s,Other,elpaiscali,https://instagram.com/elpaiscali,,,cali colombia elpaiscali journalism media news newspaper pacific south-america spanish-speaking valle-del-cauca
ğŸ“° EL TIEMPO,Other,eltiempo,https://instagram.com/eltiempo,,,andean bogota co colombia colombian eltiempo journalism latin-america media national news newspaper south-america spanish-speaking
ğŸ“° Forbes Colombia,Other,forbescolombia,https://instagram.com/forbescolombia,,,andean bogota business co colombia colombian economy entrepreneurship finance forbes forbescolombia latin-america magazine south-america spanish-speaking
ğŸ“º HBO LatinoamÃ©rica,Other,hbolatam,https://instagram.com/hbolatam,,,broadcasting california communication english-speaking entertainment hbo hbolatam latin-america los-angeles media north-america series streaming tv usa warner west-coast
ğŸ­ Hermo S.A.,Other,somoshermo,https://instagram.com/somoshermo,,,somoshermo
ğŸ“º History LatinoamÃ©rica,Education,historylatam,https://instagram.com/historylatam,,,california documentary education english-speaking history-channel historylatam latin-america los-angeles north-america television usa west-coast
ğŸ’» HP Colombia,Other,hpcolombia_,https://instagram.com/hpcolombia_,,,andean co colombia colombian hpcolombia- hpcolombia_ latin-america south-america spanish-speaking
ğŸš— Hyundai Colombia,Other,hyundai_col,https://instagram.com/hyundai_col,,,ai andean artificial-intelligence co colombia colombian hyundai-col hyundai_col innovation latin-america south-america spanish-speaking technology
ğŸ“± iStore Venezuela,Other,istore_ve,https://instagram.com/istore_ve,,,business california caribbean commerce english-speaking istore-ve istore_ve latin-america los-angeles north-america retail shopping south-america spanish-speaking usa ve venezuela venezuelan west-coast
ğŸ’¼ JSOM,Other,jsomonline,https://instagram.com/jsomonline,,,jsomonline
ğŸ’» Lenovo Colombia,Other,lenovocolombia,https://instagram.com/lenovocolombia,,,andean co colombia colombian latin-america lenovocolombia south-america spanish-speaking
ğŸ’» Microsoft Colombia,Other,microsoft_contacto,https://instagram.com/microsoft_contacto,,,andean co colombia colombian latin-america microsoft-contacto microsoft_contacto south-america spanish-speaking
ğŸª Miniso Colombia,Other,minisocolombiaoficial,https://instagram.com/minisocolombiaoficial,,,andean co colombia colombian latin-america minisocolombiaoficial south-america spanish-speaking
ğŸ‡¸ğŸ‡» Nayib Bukele,Government,nayibbukele,https://instagram.com/nayibbukele,,,britain british central-america commonwealth el-salvador english-speaking europe government latin-america leader nayibbukele politics president salvadoran san-salvador spanish-speaking uk
ğŸ“º Netflix Colombia,Other,netflixcolombia,https://instagram.com/netflixcolombia,,,andean bogota co colombia colombian entertainment latin-america movies netflix netflixcolombia south-america spanish-speaking streaming tv
ğŸ“º Netflix EspaÃ±a,Other,netflixes,https://instagram.com/netflixes,,,entertainment espana eu europe iberian mediterranean movies netflix netflixes spain spanish spanish-speaking streaming tv
ğŸ“º Netflix Familia,Other,netflixfamilia,https://instagram.com/netflixfamilia,,,california english-speaking entertainment family latin-america los-angeles movies netflix netflixfamilia north-america streaming tv usa west-coast
ğŸ“º Netflix LatinoamÃ©rica,Other,netflixlat,https://instagram.com/netflixlat,,,california english-speaking entertainment latin-america los-angeles movies netflix netflixlat north-america streaming tv usa west-coast
ğŸ”Œ Oster Colombia,Other,oster_col,https://instagram.com/oster_col,,,andean co colombia colombian latin-america oster-col oster_col south-america spanish-speaking
ğŸª OXXO Colombia,Other,oxxocolombia,https://instagram.com/oxxocolombia,,,andean co colombia colombian latin-america oxxocolombia south-america spanish-speaking
ğŸ“º Paramount+ MÃ©xico,Other,paramountplusmx,https://instagram.com/paramountplusmx,,,paramountplusmx
ğŸ“º Prime Video LATAM,Other,primevideolat,https://instagram.com/primevideolat,,,amazon california english-speaking entertainment latin-america los-angeles movies north-america prime-video primevideolat streaming tv usa west-coast
ğŸ“º Prime Video MÃ©xico,Other,primevideomx,https://instagram.com/primevideomx,,,primevideomx
ğŸª Productos Ramo,Other,productosramo,https://instagram.com/productosramo,,,productosramo
ğŸ“» Radio Nacional,Cultural,radionacionalco,https://instagram.com/radionacionalco,,,bogota broadcasting capital colombia communication culture english-speaking entertainment media music news north-america public-media radio radionacionalco spanish-speaking usa washington-dc
ğŸ“± Samsung Colombia,Other,samsungcolombia,https://instagram.com/samsungcolombia,,,andean co colombia colombian latin-america samsungcolombia south-america spanish-speaking
ğŸ“º SeÃ±al Colombia,Cultural,senalcolombiatv,https://instagram.com/senalcolombiatv,,,andean bogota broadcasting co colombia colombian communication culture documentary education entertainment latin-america media public-tv senalcolombiatv south-america spanish-speaking television
ğŸµ Spotify MÃ©xico,Other,spotifymexico,https://instagram.com/spotifymexico,,,spotifymexico
ğŸ“º Telemundo,Other,telemundo,https://instagram.com/telemundo,,,telemundo
ğŸ“± Tigo Venezuela,Other,tigovenezuela,https://instagram.com/tigovenezuela,,,california caribbean english-speaking latin-america los-angeles north-america south-america spanish-speaking tigovenezuela usa ve venezuela venezuelan west-coast
ğŸš— Toyota Colombia,Other,toyotacolombia,https://instagram.com/toyotacolombia,,,andean co colombia colombian latin-america south-america spanish-speaking toyotacolombia
ğŸ’§ Vaseline Venezuela,Other,vaselinevzla,https://instagram.com/vaselinevzla,,,california caribbean english-speaking latin-america los-angeles north-america south-america spanish-speaking usa vaselinevzla ve venezuela venezuelan west-coast
ğŸ›ï¸ AlcaldÃ­a de Caracas,Government,alcaldiadeccs,https://instagram.com/alcaldiadeccs,,,administration alcaldiadeccs capital-city caracas caribbean city-hall local-government municipality santiago-de-leon south-america spanish-speaking venezuela
ğŸ›ï¸ Centro Comercial Mayor,Government,mayorcamegaplaz,https://instagram.com/mayorcamegaplaz,,,administration city-hall government local-government mayorcamegaplaz municipality politics
ğŸ Alimentos Doria,Other,alimentosdoria,https://instagram.com/alimentosdoria,,,alimentosdoria
ğŸ¥› Bon Yurt Alpina,Other,bonyurt,https://instagram.com/bonyurt,,,bonyurt
ğŸ« Chocolate Corona,Other,chocolatecorona,https://instagram.com/chocolatecorona,,,california chocolatecorona english-speaking los-angeles north-america usa west-coast
ğŸ« Chocolates Jet,Other,chocolatesjet,https://instagram.com/chocolatesjet,,,california chocolatesjet english-speaking los-angeles north-america usa west-coast
ğŸ« Chocoramo,Other,chocoramoficial,https://instagram.com/chocoramoficial,,,chocoramoficial
ğŸ“ Berry House,Other,berryhousecolombia,https://instagram.com/berryhousecolombia,,,berryhousecolombia
ğŸ Bimbo Colombia,Other,bimbocolombia,https://instagram.com/bimbocolombia,,,andean bimbocolombia co colombia colombian latin-america south-america spanish-speaking
ğŸ” Burger King Colombia,Food & Beverage,burgerkingcol,https://instagram.com/burgerkingcol,,,american andean burger burgerkingcol co colombia colombian fast-food latin-america restaurant south-america spanish-speaking
ğŸ¥¤ Chinotto Venezuela,Other,chinottove,https://instagram.com/chinottove,,,california caribbean chinottove english-speaking latin-america los-angeles north-america south-america spanish-speaking usa ve venezuela venezuelan west-coast
ğŸ¥“ Cochi Bacon,Food & Beverage,cochibacon,https://instagram.com/cochibacon,,,andean bacon bogota cochibacon colombia food restaurant south-america spanish-speaking
ğŸ¥¢ Comida AsiÃ¡tica,Food & Beverage,koreaimportaciones,https://instagram.com/koreaimportaciones,,,cuisine dining food gastronomy koreaimportaciones restaurant
ğŸ• Domino's Pizza Colombia,Food & Beverage,dominospizzacol,https://instagram.com/dominospizzacol,,,andean co colombia colombian dominospizzacol fast-food italian latin-america pizza restaurant south-america spanish-speaking
ğŸ´ Eat Bucaramanga,Food & Beverage,eatbucaramanga,https://instagram.com/eatbucaramanga,,,bucaramanga city-of-parks colombia eatbucaramanga food guide santander south-america spanish-speaking
ğŸ· El Club GastronÃ³mico,Food & Beverage,elclubgastronomico,https://instagram.com/elclubgastronomico,,,andean bogota colombia elclubgastronomico gastronomy restaurant south-america spanish-speaking
ğŸ” El Corral,Other,elcorraloficial,https://instagram.com/elcorraloficial,,,elcorraloficial
ğŸŒ³ Entre Ãrboles,Food & Beverage,entrearbolescali,https://instagram.com/entrearbolescali,,,cali colombia entrearbolescali pacific restaurant south-america spanish-speaking valle-del-cauca
ğŸ— Frisby,Other,frisbylohace,https://instagram.com/frisbylohace,,,frisbylohace
ğŸ¥¤ Gatorade Colombia,Other,gatoradecolombia,https://instagram.com/gatoradecolombia,,,andean co colombia colombian gatoradecolombia latin-america south-america spanish-speaking
ğŸ¥› Goyurt,Other,goyurtcolombia,https://instagram.com/goyurtcolombia,,,goyurtcolombia
ğŸ… Heinz Colombia,Other,heinzcolombia,https://instagram.com/heinzcolombia,,,andean co colombia colombian heinzcolombia latin-america south-america spanish-speaking
ğŸœ HolaFood,Food & Beverage,holafood___,https://instagram.com/holafood___,,,cuisine dining food gastronomy holafood___ restaurant
ğŸ— KFC Colombia,Other,kfc.colombia,https://instagram.com/kfc.colombia,,,andean co colombia colombian kfc.colombia latin-america south-america spanish-speaking
ğŸ• Little Caesars Colombia,Other,lccolombia,https://instagram.com/lccolombia,,,andean co colombia colombian latin-america lccolombia south-america spanish-speaking
ğŸ‡¯ğŸ‡µ Machan Colombia,Other,machan_colombia_1102,https://instagram.com/machan_colombia_1102,,,andean asia co colombia colombian east-asia japan japanese-speaking latin-america machan-colombia-1102 machan_colombia_1102 pacific south-america spanish-speaking
ğŸ‡¨ğŸ‡´ Made In Bucara,Food & Beverage,madeinbucara,https://instagram.com/madeinbucara,,,andean bucaramanga co colombia colombian food latin-america local madeinbucara santander south-america spanish-speaking
ğŸ² Maggi Colombia,Other,maggicolombia,https://instagram.com/maggicolombia,,,andean co colombia colombian latin-america maggicolombia south-america spanish-speaking
ğŸ” McDonald's Colombia,Other,mcdonaldscol,https://instagram.com/mcdonaldscol,,,andean co colombia colombian latin-america mcdonaldscol south-america spanish-speaking
ğŸª Mercatus 9 AsiÃ¡tico,Other,mercatus9,https://instagram.com/mercatus9,,,mercatus9
ğŸ« NestlÃ© Colombia,Other,nestlecolombia,https://instagram.com/nestlecolombia,,,andean co colombia colombian latin-america nestlecolombia south-america spanish-speaking
ğŸª Oreo Colombia,Other,oreo.colombia,https://instagram.com/oreo.colombia,,,andean co colombia colombian latin-america oreo.colombia south-america spanish-speaking
ğŸ• Papa John's Colombia,Other,papajohnscolombia,https://instagram.com/papajohnscolombia,,,andean co colombia colombian latin-america papajohnscolombia south-america spanish-speaking
ğŸ¥” Papas Margarita,Other,papas.margarita,https://instagram.com/papas.margarita,,,papas.margarita
ğŸ¥¤ Pepsi Colombia,Other,pepsicolombia,https://instagram.com/pepsicolombia,,,andean co colombia colombian latin-america pepsicolombia south-america spanish-speaking
ğŸ¥¤ PostobÃ³n,Other,postobonempresa,https://instagram.com/postobonempresa,,,postobonempresa
ğŸ“ QuÃ© Hacer,Other,quehacerbga,https://instagram.com/quehacerbga,,,bucaramanga colombia events guide quehacerbga santander south-america spanish-speaking
ğŸ• Sbarro Colombia,Other,sbarrocolombia,https://instagram.com/sbarrocolombia,,,andean co colombia colombian latin-america sbarrocolombia south-america spanish-speaking
ğŸ¥– Subway Colombia,Other,subwaycol,https://instagram.com/subwaycol,,,andean co colombia colombian latin-america south-america spanish-speaking subwaycol
ğŸ›’ Super Inter,Other,superintersupermercados,https://instagram.com/superintersupermercados,,,superintersupermercados
ğŸŒ„ Un JardÃ­n en el Cielo,Food & Beverage,unjardinenelcielo,https://instagram.com/unjardinenelcielo,,,andean bogota colombia restaurant rooftop south-america spanish-speaking unjardinenelcielo
ğŸ¥© ZenÃº,Other,zenuoficial,https://instagram.com/zenuoficial,,,zenuoficial
â˜• ColcafÃ©,Food & Beverage,colcafe,https://instagram.com/colcafe,,,beverages cafe coffee colcafe dining food hospitality restaurant
â˜• Dunkin' Colombia,Other,dunkin_co,https://instagram.com/dunkin_co,,,andean co colombia colombian dunkin-co dunkin_co latin-america south-america spanish-speaking
â˜• NescafÃ© Colombia,Food & Beverage,nescafe_col,https://instagram.com/nescafe_col,,,andean beverages cafe co coffee colombia colombian dining food hospitality latin-america nescafe-col nescafe_col restaurant south-america spanish-speaking
ğŸ™ï¸ Hecho en BogotÃ¡,Other,hecho_enbogota,https://instagram.com/hecho_enbogota,,,andean bogota capital-city colombia crafts distrito-capital hecho-enbogota hecho_enbogota local products south-america spanish-speaking
ğŸ½ï¸ Mi MedellÃ­n Saborea,Food & Beverage,mimedellinsaborea,https://instagram.com/mimedellinsaborea,,,antioquia city-of-eternal-spring colombia food medellin mimedellinsaborea restaurant south-america spanish-speaking
ğŸ›ï¸ PopayÃ¡n Moderna,Other,popayan_moderna,https://instagram.com/popayan_moderna,,,cauca colombia lifestyle popayan popayan-moderna popayan_moderna south-america spanish-speaking white-city
ğŸš´ Bicitour MedellÃ­n,Other,bicitour_medellin,https://instagram.com/bicitour_medellin,,,antioquia bicitour-medellin bicitour_medellin bicycle city-of-eternal-spring colombia medellin south-america spanish-speaking tours
ğŸ´ BogotÃ¡ Comidas,Food & Beverage,bogotacomidas,https://instagram.com/bogotacomidas,,,andean bogota bogotacomidas capital-city colombia cuisine dining distrito-capital food gastronomy restaurant restaurants south-america spanish-speaking
ğŸ­ BogotÃ¡ Plan,Cultural,bogotaplan,https://instagram.com/bogotaplan,,,andean bogota bogotaplan california capital-city colombia culture distrito-capital english-speaking events los-angeles north-america south-america spanish-speaking usa west-coast
ğŸ¨ Expoartesano,Other,expoartesano,https://instagram.com/expoartesano,,,andean artisan co colombia colombian crafts expoartesano fair latin-america south-america spanish-speaking
ğŸ´ Food in BogotÃ¡,Food & Beverage,foodinbogota,https://instagram.com/foodinbogota,,,bogota capital-city colombia cuisine dining distrito-capital food foodinbogota gastronomy restaurant
ğŸ’› Los Buenos Somos MÃ¡s,Other,_losbuenossomosmas,https://instagram.com/_losbuenossomosmas,,,-losbuenossomosmas _losbuenossomosmas andean co colombia colombian latin-america lifestyle positive south-america spanish-speaking
ğŸŒ NÃ³mada Frustrada,Travel,nomadafrustrada,https://instagram.com/nomadafrustrada,,,digital-nomad nomadafrustrada travel worldwide
ğŸ’ Viajando Empelota,Travel,viajandoempelota,https://instagram.com/viajandoempelota,,,backpacking california english-speaking latin-america los-angeles north-america travel usa viajandoempelota west-coast
ğŸ‡¹ğŸ‡­ Viva Tailandia,Travel,vivatailandia,https://instagram.com/vivatailandia,,,ai artificial-intelligence asia bangkok california english-speaking innovation los-angeles north-america technology thailand travel usa vivatailandia west-coast
ğŸ‘¨â€ğŸ‘©â€ğŸ‘§â€ğŸ‘¦ Colombian Family,Travel,colombianfamily,https://instagram.com/colombianfamily,,,andean co colombia colombian colombianfamily family latin-america lifestyle south-america spanish-speaking travel
âœˆï¸ CÃºcuta Turismo,Travel,cucutaturismo,https://instagram.com/cucutaturismo,,,colombia cucuta cucutaturismo destination norte-santander tourism travel visitor
âœˆï¸ Visitar MedellÃ­n,Travel,visitarmedellin,https://instagram.com/visitarmedellin,,,antioquia city-of-eternal-spring colombia medellin tourism visitarmedellin
â¤ï¸ Te Amo BogotÃ¡,Other,teamobogota,https://instagram.com/teamobogota,,,bogota capital-city colombia distrito-capital lifestyle love teamobogota
ğŸ—ºï¸ MedellÃ­n en el Mapa,Other,medellinenelmapa_,https://instagram.com/medellinenelmapa_,,,antioquia city-of-eternal-spring colombia guide maps medellin medellinenelmapa- medellinenelmapa_ south-america spanish-speaking
ğŸ“½ï¸ MedellÃ­n en Videos,Other,medellinenvideos,https://instagram.com/medellinenvideos,,,antioquia city-of-eternal-spring colombia medellin medellinenvideos south-america spanish-speaking videos
ğŸ™ï¸ MedellÃ­n Guru,Travel,medellin_guru,https://instagram.com/medellin_guru,,,antioquia city-of-eternal-spring colombia guide medellin medellin-guru medellin_guru south-america spanish-speaking travel
ğŸ™ï¸ Visit BogotÃ¡,Travel,visitbogota.co,https://instagram.com/visitbogota.co,,,andean bogota capital-city colombia distrito-capital official south-america spanish-speaking tourism visitbogota.co
ğŸ‡°ğŸ‡· Aprende Coreano,Cultural,coreano_paso_a_paso,https://instagram.com/coreano_paso_a_paso,,,asia coreano-paso-a-paso coreano_paso_a_paso culture east-asia education k-pop korea korean korean-speaking language-learning south-korea
ğŸ“¸ Javier Morales,Other,javiermoralesfotografo,https://instagram.com/javiermoralesfotografo,,,cartagena colombia creative javiermoralesfotografo photography spanish-speaking visual-arts weddings
ğŸ‡¯ğŸ‡µ Lily ä¸½ä¸½,Education,ohayolily,https://instagram.com/ohayolily,,,asia california chinese east-asia education english-speaking japan japanese japanese-speaking language-learning los-angeles north-america ohayolily pacific polyglot usa west-coast
ğŸ¤– Tobias Rees,Education,limn_ai,https://instagram.com/limn_ai,,,ai artificial-intelligence education future limn-ai limn_ai research technology
ğŸ‘¨â€ğŸ“ Carter Cote,Education,carter.cote,https://instagram.com/carter.cote,,,carter.cote content-creator education life student university
ğŸ‘¨â€ğŸ’¼ Juan Daniel Oviedo,Government,jdoviedoar,https://instagram.com/jdoviedoar,,,bogota colombia dane data education government jdoviedoar spanish-speaking statistics
ğŸ‘©â€ğŸ« La Profe MÃ³nica,Education,laprofemonica,https://instagram.com/laprofemonica,,,california colombia education english-speaking language-learning laprofemonica los-angeles north-america pedagogy spanish spanish-speaking teacher usa west-coast
ğŸ—£ï¸ E-Speak English,Education,espeak.english,https://instagram.com/espeak.english,,,california education english english-speaking esl espeak.english language-learning los-angeles north-america online teacher usa west-coast
